source_record_id,category,subcategory,status,stage,observed_at,lead_value,is_synthetic,data_version,days_in_stage
L001,Payments,Website,Won,Won,2026-01-05,85000,True,phase3-v2,8
L002,Analytics,Referral,Opportunity,Opportunity,2026-01-08,42000,True,phase3-v2,18
L003,Payments,Website,Proposal,Proposal,2026-01-10,110000,True,phase3-v2,12
L004,Security,Campaign,Qualified,Qualified,2026-01-12,28000,True,phase3-v2,6
L005,Analytics,Referral,Won,Won,2026-01-15,92000,True,phase3-v2,10
L006,Payments,Website,Lead,Lead,2026-01-18,35000,True,phase3-v2,4
L007,Security,Partner,Lost,Lost,2026-01-20,75000,True,phase3-v2,25
L008,Analytics,Campaign,Opportunity,Opportunity,2026-01-22,46000,True,phase3-v2,15
L009,Payments,Website,Won,Won,2026-01-25,125000,True,phase3-v2,7
L010,Security,Referral,Qualified,Qualified,2026-01-27,31000,True,phase3-v2,9
L011,Payments,Website,Proposal,Proposal,2026-02-01,68000,True,phase3-v2,21
L012,Analytics,Partner,Won,Won,2026-02-03,98000,True,phase3-v2,11
L013,Payments,Campaign,Lead,Lead,2026-02-05,27000,True,phase3-v2,5
L014,Security,Website,Opportunity,Opportunity,2026-02-08,54000,True,phase3-v2,23
L015,Analytics,Referral,Won,Won,2026-02-10,115000,True,phase3-v2,9
L016,Security,Campaign,Lost,Lost,2026-02-12,39000,True,phase3-v2,31
L017,Payments,Website,Qualified,Qualified,2026-02-15,44000,True,phase3-v2,8
L018,Security,Partner,Proposal,Proposal,2026-02-18,87000,True,phase3-v2,17
L019,Payments,Campaign,Won,Won,2026-02-20,52000,True,phase3-v2,6
L020,Analytics,Website,Opportunity,Opportunity,2026-02-22,61000,True,phase3-v2,14
L021,Payments,Referral,Won,Won,2026-02-25,105000,True,phase3-v2,8
L022,Security,Website,Lead,Lead,2026-03-01,25000,True,phase3-v2,3
L023,Analytics,Campaign,Qualified,Qualified,2026-03-04,47000,True,phase3-v2,7
L024,Payments,Partner,Proposal,Proposal,2026-03-06,132000,True,phase3-v2,19
L025,Analytics,Referral,Won,Won,2026-03-08,58000,True,phase3-v2,10
L026,Security,Website,Opportunity,Opportunity,2026-03-10,49000,True,phase3-v2,27
L027,Payments,Campaign,Won,Won,2026-03-12,118000,True,phase3-v2,7
L028,Analytics,Website,Lost,Lost,2026-03-15,33000,True,phase3-v2,35
L029,Payments,Referral,Qualified,Qualified,2026-03-17,41000,True,phase3-v2,5
L030,Security,Partner,Won,Won,2026-03-20,101000,True,phase3-v2,13
