record_id,record_type,observed_at,entity_id,related_entity_id,entity_name,category,subcategory,status,stage,metric_name,metric_value,metric_unit,text_value,latitude,longitude,source_name,source_record_id,is_synthetic,data_version
L001,crm_lead,2026-01-05,L001,,,Payments,Website,Won,Won,lead_value,85000,currency_unspecified,location=Bangalore;team=Enterprise,,,phase2_crmData,L001,true,phase3-v2
L001_days_in_stage,crm_lead_metric,2026-01-05,L001,,,Payments,Website,Won,Won,days_in_stage,8,days,location=Bangalore;team=Enterprise,,,phase2_crmData,L001,true,phase3-v2
L002,crm_lead,2026-01-08,L002,,,Analytics,Referral,Opportunity,Opportunity,lead_value,42000,currency_unspecified,location=Mumbai;team=SMB,,,phase2_crmData,L002,true,phase3-v2
L002_days_in_stage,crm_lead_metric,2026-01-08,L002,,,Analytics,Referral,Opportunity,Opportunity,days_in_stage,18,days,location=Mumbai;team=SMB,,,phase2_crmData,L002,true,phase3-v2
L003,crm_lead,2026-01-10,L003,,,Payments,Website,Proposal,Proposal,lead_value,110000,currency_unspecified,location=Delhi;team=Enterprise,,,phase2_crmData,L003,true,phase3-v2
L003_days_in_stage,crm_lead_metric,2026-01-10,L003,,,Payments,Website,Proposal,Proposal,days_in_stage,12,days,location=Delhi;team=Enterprise,,,phase2_crmData,L003,true,phase3-v2
L004,crm_lead,2026-01-12,L004,,,Security,Campaign,Qualified,Qualified,lead_value,28000,currency_unspecified,location=Chennai;team=SMB,,,phase2_crmData,L004,true,phase3-v2
L004_days_in_stage,crm_lead_metric,2026-01-12,L004,,,Security,Campaign,Qualified,Qualified,days_in_stage,6,days,location=Chennai;team=SMB,,,phase2_crmData,L004,true,phase3-v2
L005,crm_lead,2026-01-15,L005,,,Analytics,Referral,Won,Won,lead_value,92000,currency_unspecified,location=Bangalore;team=Enterprise,,,phase2_crmData,L005,true,phase3-v2
L005_days_in_stage,crm_lead_metric,2026-01-15,L005,,,Analytics,Referral,Won,Won,days_in_stage,10,days,location=Bangalore;team=Enterprise,,,phase2_crmData,L005,true,phase3-v2
L006,crm_lead,2026-01-18,L006,,,Payments,Website,Lead,Lead,lead_value,35000,currency_unspecified,location=Hyderabad;team=Growth,,,phase2_crmData,L006,true,phase3-v2
L006_days_in_stage,crm_lead_metric,2026-01-18,L006,,,Payments,Website,Lead,Lead,days_in_stage,4,days,location=Hyderabad;team=Growth,,,phase2_crmData,L006,true,phase3-v2
L007,crm_lead,2026-01-20,L007,,,Security,Partner,Lost,Lost,lead_value,75000,currency_unspecified,location=Mumbai;team=Enterprise,,,phase2_crmData,L007,true,phase3-v2
L007_days_in_stage,crm_lead_metric,2026-01-20,L007,,,Security,Partner,Lost,Lost,days_in_stage,25,days,location=Mumbai;team=Enterprise,,,phase2_crmData,L007,true,phase3-v2
L008,crm_lead,2026-01-22,L008,,,Analytics,Campaign,Opportunity,Opportunity,lead_value,46000,currency_unspecified,location=Delhi;team=Growth,,,phase2_crmData,L008,true,phase3-v2
L008_days_in_stage,crm_lead_metric,2026-01-22,L008,,,Analytics,Campaign,Opportunity,Opportunity,days_in_stage,15,days,location=Delhi;team=Growth,,,phase2_crmData,L008,true,phase3-v2
L009,crm_lead,2026-01-25,L009,,,Payments,Website,Won,Won,lead_value,125000,currency_unspecified,location=Chennai;team=Enterprise,,,phase2_crmData,L009,true,phase3-v2
L009_days_in_stage,crm_lead_metric,2026-01-25,L009,,,Payments,Website,Won,Won,days_in_stage,7,days,location=Chennai;team=Enterprise,,,phase2_crmData,L009,true,phase3-v2
L010,crm_lead,2026-01-27,L010,,,Security,Referral,Qualified,Qualified,lead_value,31000,currency_unspecified,location=Bangalore;team=SMB,,,phase2_crmData,L010,true,phase3-v2
L010_days_in_stage,crm_lead_metric,2026-01-27,L010,,,Security,Referral,Qualified,Qualified,days_in_stage,9,days,location=Bangalore;team=SMB,,,phase2_crmData,L010,true,phase3-v2
L011,crm_lead,2026-02-01,L011,,,Payments,Website,Proposal,Proposal,lead_value,68000,currency_unspecified,location=Hyderabad;team=Growth,,,phase2_crmData,L011,true,phase3-v2
L011_days_in_stage,crm_lead_metric,2026-02-01,L011,,,Payments,Website,Proposal,Proposal,days_in_stage,21,days,location=Hyderabad;team=Growth,,,phase2_crmData,L011,true,phase3-v2
L012,crm_lead,2026-02-03,L012,,,Analytics,Partner,Won,Won,lead_value,98000,currency_unspecified,location=Mumbai;team=Enterprise,,,phase2_crmData,L012,true,phase3-v2
L012_days_in_stage,crm_lead_metric,2026-02-03,L012,,,Analytics,Partner,Won,Won,days_in_stage,11,days,location=Mumbai;team=Enterprise,,,phase2_crmData,L012,true,phase3-v2
L013,crm_lead,2026-02-05,L013,,,Payments,Campaign,Lead,Lead,lead_value,27000,currency_unspecified,location=Delhi;team=SMB,,,phase2_crmData,L013,true,phase3-v2
L013_days_in_stage,crm_lead_metric,2026-02-05,L013,,,Payments,Campaign,Lead,Lead,days_in_stage,5,days,location=Delhi;team=SMB,,,phase2_crmData,L013,true,phase3-v2
L014,crm_lead,2026-02-08,L014,,,Security,Website,Opportunity,Opportunity,lead_value,54000,currency_unspecified,location=Bangalore;team=Growth,,,phase2_crmData,L014,true,phase3-v2
L014_days_in_stage,crm_lead_metric,2026-02-08,L014,,,Security,Website,Opportunity,Opportunity,days_in_stage,23,days,location=Bangalore;team=Growth,,,phase2_crmData,L014,true,phase3-v2
L015,crm_lead,2026-02-10,L015,,,Analytics,Referral,Won,Won,lead_value,115000,currency_unspecified,location=Chennai;team=Enterprise,,,phase2_crmData,L015,true,phase3-v2
L015_days_in_stage,crm_lead_metric,2026-02-10,L015,,,Analytics,Referral,Won,Won,days_in_stage,9,days,location=Chennai;team=Enterprise,,,phase2_crmData,L015,true,phase3-v2
L016,crm_lead,2026-02-12,L016,,,Security,Campaign,Lost,Lost,lead_value,39000,currency_unspecified,location=Hyderabad;team=SMB,,,phase2_crmData,L016,true,phase3-v2
L016_days_in_stage,crm_lead_metric,2026-02-12,L016,,,Security,Campaign,Lost,Lost,days_in_stage,31,days,location=Hyderabad;team=SMB,,,phase2_crmData,L016,true,phase3-v2
L017,crm_lead,2026-02-15,L017,,,Payments,Website,Qualified,Qualified,lead_value,44000,currency_unspecified,location=Mumbai;team=Growth,,,phase2_crmData,L017,true,phase3-v2
L017_days_in_stage,crm_lead_metric,2026-02-15,L017,,,Payments,Website,Qualified,Qualified,days_in_stage,8,days,location=Mumbai;team=Growth,,,phase2_crmData,L017,true,phase3-v2
L018,crm_lead,2026-02-18,L018,,,Security,Partner,Proposal,Proposal,lead_value,87000,currency_unspecified,location=Delhi;team=Enterprise,,,phase2_crmData,L018,true,phase3-v2
L018_days_in_stage,crm_lead_metric,2026-02-18,L018,,,Security,Partner,Proposal,Proposal,days_in_stage,17,days,location=Delhi;team=Enterprise,,,phase2_crmData,L018,true,phase3-v2
L019,crm_lead,2026-02-20,L019,,,Payments,Campaign,Won,Won,lead_value,52000,currency_unspecified,location=Bangalore;team=SMB,,,phase2_crmData,L019,true,phase3-v2
L019_days_in_stage,crm_lead_metric,2026-02-20,L019,,,Payments,Campaign,Won,Won,days_in_stage,6,days,location=Bangalore;team=SMB,,,phase2_crmData,L019,true,phase3-v2
L020,crm_lead,2026-02-22,L020,,,Analytics,Website,Opportunity,Opportunity,lead_value,61000,currency_unspecified,location=Chennai;team=Growth,,,phase2_crmData,L020,true,phase3-v2
L020_days_in_stage,crm_lead_metric,2026-02-22,L020,,,Analytics,Website,Opportunity,Opportunity,days_in_stage,14,days,location=Chennai;team=Growth,,,phase2_crmData,L020,true,phase3-v2
L021,crm_lead,2026-02-25,L021,,,Payments,Referral,Won,Won,lead_value,105000,currency_unspecified,location=Hyderabad;team=Enterprise,,,phase2_crmData,L021,true,phase3-v2
L021_days_in_stage,crm_lead_metric,2026-02-25,L021,,,Payments,Referral,Won,Won,days_in_stage,8,days,location=Hyderabad;team=Enterprise,,,phase2_crmData,L021,true,phase3-v2
L022,crm_lead,2026-03-01,L022,,,Security,Website,Lead,Lead,lead_value,25000,currency_unspecified,location=Mumbai;team=SMB,,,phase2_crmData,L022,true,phase3-v2
L022_days_in_stage,crm_lead_metric,2026-03-01,L022,,,Security,Website,Lead,Lead,days_in_stage,3,days,location=Mumbai;team=SMB,,,phase2_crmData,L022,true,phase3-v2
L023,crm_lead,2026-03-04,L023,,,Analytics,Campaign,Qualified,Qualified,lead_value,47000,currency_unspecified,location=Delhi;team=Growth,,,phase2_crmData,L023,true,phase3-v2
L023_days_in_stage,crm_lead_metric,2026-03-04,L023,,,Analytics,Campaign,Qualified,Qualified,days_in_stage,7,days,location=Delhi;team=Growth,,,phase2_crmData,L023,true,phase3-v2
L024,crm_lead,2026-03-06,L024,,,Payments,Partner,Proposal,Proposal,lead_value,132000,currency_unspecified,location=Bangalore;team=Enterprise,,,phase2_crmData,L024,true,phase3-v2
L024_days_in_stage,crm_lead_metric,2026-03-06,L024,,,Payments,Partner,Proposal,Proposal,days_in_stage,19,days,location=Bangalore;team=Enterprise,,,phase2_crmData,L024,true,phase3-v2
L025,crm_lead,2026-03-08,L025,,,Analytics,Referral,Won,Won,lead_value,58000,currency_unspecified,location=Chennai;team=SMB,,,phase2_crmData,L025,true,phase3-v2
L025_days_in_stage,crm_lead_metric,2026-03-08,L025,,,Analytics,Referral,Won,Won,days_in_stage,10,days,location=Chennai;team=SMB,,,phase2_crmData,L025,true,phase3-v2
L026,crm_lead,2026-03-10,L026,,,Security,Website,Opportunity,Opportunity,lead_value,49000,currency_unspecified,location=Hyderabad;team=Growth,,,phase2_crmData,L026,true,phase3-v2
L026_days_in_stage,crm_lead_metric,2026-03-10,L026,,,Security,Website,Opportunity,Opportunity,days_in_stage,27,days,location=Hyderabad;team=Growth,,,phase2_crmData,L026,true,phase3-v2
L027,crm_lead,2026-03-12,L027,,,Payments,Campaign,Won,Won,lead_value,118000,currency_unspecified,location=Mumbai;team=Enterprise,,,phase2_crmData,L027,true,phase3-v2
L027_days_in_stage,crm_lead_metric,2026-03-12,L027,,,Payments,Campaign,Won,Won,days_in_stage,7,days,location=Mumbai;team=Enterprise,,,phase2_crmData,L027,true,phase3-v2
L028,crm_lead,2026-03-15,L028,,,Analytics,Website,Lost,Lost,lead_value,33000,currency_unspecified,location=Delhi;team=SMB,,,phase2_crmData,L028,true,phase3-v2
L028_days_in_stage,crm_lead_metric,2026-03-15,L028,,,Analytics,Website,Lost,Lost,days_in_stage,35,days,location=Delhi;team=SMB,,,phase2_crmData,L028,true,phase3-v2
L029,crm_lead,2026-03-17,L029,,,Payments,Referral,Qualified,Qualified,lead_value,41000,currency_unspecified,location=Bangalore;team=Growth,,,phase2_crmData,L029,true,phase3-v2
L029_days_in_stage,crm_lead_metric,2026-03-17,L029,,,Payments,Referral,Qualified,Qualified,days_in_stage,5,days,location=Bangalore;team=Growth,,,phase2_crmData,L029,true,phase3-v2
L030,crm_lead,2026-03-20,L030,,,Security,Partner,Won,Won,lead_value,101000,currency_unspecified,location=Chennai;team=Enterprise,,,phase2_crmData,L030,true,phase3-v2
L030_days_in_stage,crm_lead_metric,2026-03-20,L030,,,Security,Partner,Won,Won,days_in_stage,13,days,location=Chennai;team=Enterprise,,,phase2_crmData,L030,true,phase3-v2
