id,date,location,team,product,source,stage,daysInStage,value
L001,2026-01-05,Bangalore,Enterprise,Payments,Website,Won,8,85000
L002,2026-01-08,Mumbai,SMB,Analytics,Referral,Opportunity,18,42000
L003,2026-01-10,Delhi,Enterprise,Payments,Website,Proposal,12,110000
L004,2026-01-12,Chennai,SMB,Security,Campaign,Qualified,6,28000
L005,2026-01-15,Bangalore,Enterprise,Analytics,Referral,Won,10,92000
L006,2026-01-18,Hyderabad,Growth,Payments,Website,Lead,4,35000
L007,2026-01-20,Mumbai,Enterprise,Security,Partner,Lost,25,75000
L008,2026-01-22,Delhi,Growth,Analytics,Campaign,Opportunity,15,46000
L009,2026-01-25,Chennai,Enterprise,Payments,Website,Won,7,125000
L010,2026-01-27,Bangalore,SMB,Security,Referral,Qualified,9,31000
L011,2026-02-01,Hyderabad,Growth,Payments,Website,Proposal,21,68000
L012,2026-02-03,Mumbai,Enterprise,Analytics,Partner,Won,11,98000
L013,2026-02-05,Delhi,SMB,Payments,Campaign,Lead,5,27000
L014,2026-02-08,Bangalore,Growth,Security,Website,Opportunity,23,54000
L015,2026-02-10,Chennai,Enterprise,Analytics,Referral,Won,9,115000
L016,2026-02-12,Hyderabad,SMB,Security,Campaign,Lost,31,39000
L017,2026-02-15,Mumbai,Growth,Payments,Website,Qualified,8,44000
L018,2026-02-18,Delhi,Enterprise,Security,Partner,Proposal,17,87000
L019,2026-02-20,Bangalore,SMB,Payments,Campaign,Won,6,52000
L020,2026-02-22,Chennai,Growth,Analytics,Website,Opportunity,14,61000
L021,2026-02-25,Hyderabad,Enterprise,Payments,Referral,Won,8,105000
L022,2026-03-01,Mumbai,SMB,Security,Website,Lead,3,25000
L023,2026-03-04,Delhi,Growth,Analytics,Campaign,Qualified,7,47000
L024,2026-03-06,Bangalore,Enterprise,Payments,Partner,Proposal,19,132000
L025,2026-03-08,Chennai,SMB,Analytics,Referral,Won,10,58000
L026,2026-03-10,Hyderabad,Growth,Security,Website,Opportunity,27,49000
L027,2026-03-12,Mumbai,Enterprise,Payments,Campaign,Won,7,118000
L028,2026-03-15,Delhi,SMB,Analytics,Website,Lost,35,33000
L029,2026-03-17,Bangalore,Growth,Payments,Referral,Qualified,5,41000
L030,2026-03-20,Chennai,Enterprise,Security,Partner,Won,13,101000
